Ticket_ID,Queue_Name,Created_DateTime,Resolved_DateTime,SLA_Target_Hours,Status,Resolution_Time_Hours,SLA_Compliant
TCKT0001,Technical Support,02-08-2026 19:00,04-08-2026 17:00,24,Closed,46,FALSE
TCKT0002,Prime Support,02-08-2026 18:00,04-08-2026 22:00,24,Closed,52,FALSE
TCKT0003,Billing,08-08-2026 16:00,10-08-2026 02:00,48,Closed,34,TRUE
TCKT0004,Returns,11-08-2026 07:00,12-08-2026 18:00,48,Closed,35,TRUE
TCKT0005,Returns,04-08-2026 12:00,05-08-2026 18:00,24,Closed,30,FALSE
TCKT0006,Returns,06-08-2026 19:00,09-08-2026 07:00,48,Closed,60,FALSE
TCKT0007,Technical Support,07-08-2026 02:00,08-08-2026 07:00,24,Closed,29,FALSE
TCKT0008,Returns,03-08-2026 16:00,04-08-2026 02:00,24,Closed,10,TRUE
TCKT0009,Returns,09-08-2026 05:00,10-08-2026 03:00,48,Closed,22,TRUE
TCKT0010,Billing,06-08-2026 14:00,07-08-2026 02:00,24,Closed,12,TRUE
TCKT0011,Technical Support,08-08-2026 20:00,09-08-2026 16:00,24,Closed,20,TRUE
TCKT0012,Technical Support,11-08-2026 01:00,12-08-2026 12:00,48,Closed,35,TRUE
TCKT0013,Billing,05-08-2026 16:00,07-08-2026 03:00,24,Closed,35,FALSE
TCKT0014,Billing,03-08-2026 00:00,03-08-2026 12:00,24,Closed,12,TRUE
TCKT0015,Billing,09-08-2026 06:00,11-08-2026 02:00,48,Closed,44,TRUE
TCKT0016,Billing,02-08-2026 17:00,03-08-2026 03:00,24,Closed,10,TRUE
TCKT0017,Billing,07-08-2026 19:00,10-08-2026 03:00,48,Closed,56,FALSE
TCKT0018,Billing,09-08-2026 03:00,10-08-2026 11:00,24,Closed,32,FALSE
TCKT0019,Billing,07-08-2026 03:00,08-08-2026 13:00,24,Closed,34,FALSE
TCKT0020,Returns,09-08-2026 14:00,10-08-2026 04:00,24,Closed,14,TRUE
TCKT0021,Prime Support,04-08-2026 04:00,04-08-2026 13:00,48,Closed,9,TRUE
TCKT0022,Technical Support,09-08-2026 08:00,11-08-2026 20:00,24,Closed,60,FALSE
TCKT0023,Technical Support,03-08-2026 03:00,05-08-2026 06:00,24,Closed,51,FALSE
TCKT0024,Prime Support,01-08-2026 15:00,03-08-2026 13:00,24,Closed,46,FALSE
TCKT0025,Billing,09-08-2026 14:00,09-08-2026 20:00,48,Closed,6,TRUE
TCKT0026,Prime Support,02-08-2026 17:00,05-08-2026 10:00,48,Closed,65,FALSE
TCKT0027,Billing,05-08-2026 04:00,05-08-2026 16:00,48,Closed,12,TRUE
TCKT0028,Returns,03-08-2026 23:00,04-08-2026 03:00,48,Closed,4,TRUE
TCKT0029,Technical Support,08-08-2026 18:00,11-08-2026 01:00,48,Closed,55,FALSE
TCKT0030,Prime Support,11-08-2026 07:00,13-08-2026 23:00,24,Closed,64,FALSE
TCKT0031,Billing,02-08-2026 19:00,03-08-2026 14:00,48,Closed,19,TRUE
TCKT0032,Billing,08-08-2026 07:00,08-08-2026 21:00,48,Closed,14,TRUE
TCKT0033,Technical Support,08-08-2026 20:00,10-08-2026 17:00,24,Closed,45,FALSE
TCKT0034,Billing,01-08-2026 20:00,03-08-2026 01:00,48,Closed,29,TRUE
TCKT0035,Billing,04-08-2026 09:00,05-08-2026 07:00,24,Closed,22,TRUE
TCKT0036,Prime Support,07-08-2026 09:00,09-08-2026 15:00,24,Closed,54,FALSE
TCKT0037,Technical Support,08-08-2026 23:00,10-08-2026 17:00,24,Closed,42,FALSE
TCKT0038,Billing,05-08-2026 18:00,06-08-2026 23:00,24,Closed,29,FALSE
TCKT0039,Billing,04-08-2026 13:00,07-08-2026 02:00,48,Closed,61,FALSE
TCKT0040,Technical Support,10-08-2026 05:00,10-08-2026 15:00,48,Closed,10,TRUE
TCKT0041,Returns,09-08-2026 09:00,11-08-2026 08:00,24,Closed,47,FALSE
TCKT0042,Returns,07-08-2026 04:00,09-08-2026 17:00,48,Closed,61,FALSE
TCKT0043,Prime Support,02-08-2026 12:00,03-08-2026 07:00,24,Closed,19,TRUE
TCKT0044,Returns,06-08-2026 23:00,08-08-2026 05:00,24,Closed,30,FALSE
TCKT0045,Returns,05-08-2026 08:00,06-08-2026 20:00,24,Closed,36,FALSE
TCKT0046,Returns,09-08-2026 13:00,11-08-2026 11:00,48,Closed,46,TRUE
TCKT0047,Prime Support,06-08-2026 01:00,06-08-2026 14:00,48,Closed,13,TRUE
TCKT0048,Technical Support,07-08-2026 04:00,07-08-2026 13:00,24,Closed,9,TRUE
TCKT0049,Returns,01-08-2026 10:00,03-08-2026 07:00,24,Closed,45,FALSE
TCKT0050,Technical Support,01-08-2026 15:00,03-08-2026 01:00,48,Closed,34,TRUE
TCKT0051,Billing,04-08-2026 04:00,04-08-2026 09:00,24,Closed,5,TRUE
TCKT0052,Billing,06-08-2026 07:00,07-08-2026 10:00,48,Closed,27,TRUE
TCKT0053,Returns,05-08-2026 13:00,07-08-2026 13:00,48,Closed,48,TRUE
TCKT0054,Technical Support,02-08-2026 13:00,03-08-2026 22:00,24,Closed,33,FALSE
TCKT0055,Returns,05-08-2026 01:00,06-08-2026 09:00,24,Closed,32,FALSE
TCKT0056,Prime Support,08-08-2026 22:00,11-08-2026 04:00,24,Closed,54,FALSE
TCKT0057,Returns,08-08-2026 03:00,10-08-2026 04:00,24,Closed,49,FALSE
TCKT0058,Technical Support,08-08-2026 17:00,10-08-2026 08:00,24,Closed,39,FALSE
TCKT0059,Returns,04-08-2026 11:00,07-08-2026 03:00,24,Closed,64,FALSE
TCKT0060,Technical Support,05-08-2026 14:00,06-08-2026 20:00,24,Closed,30,FALSE
TCKT0061,Prime Support,06-08-2026 21:00,08-08-2026 18:00,48,Closed,45,TRUE
TCKT0062,Returns,02-08-2026 07:00,04-08-2026 04:00,24,Closed,45,FALSE
TCKT0063,Returns,05-08-2026 06:00,07-08-2026 02:00,24,Closed,44,FALSE
TCKT0064,Technical Support,07-08-2026 10:00,08-08-2026 18:00,24,Closed,32,FALSE
TCKT0065,Prime Support,06-08-2026 07:00,08-08-2026 14:00,24,Closed,55,FALSE
TCKT0066,Returns,02-08-2026 02:00,03-08-2026 10:00,48,Closed,32,TRUE
TCKT0067,Technical Support,02-08-2026 06:00,04-08-2026 21:00,24,Closed,63,FALSE
TCKT0068,Billing,02-08-2026 17:00,03-08-2026 06:00,48,Closed,13,TRUE
TCKT0069,Prime Support,01-08-2026 13:00,02-08-2026 18:00,24,Closed,29,FALSE
TCKT0070,Prime Support,02-08-2026 17:00,03-08-2026 21:00,48,Closed,28,TRUE
TCKT0071,Returns,07-08-2026 11:00,08-08-2026 18:00,24,Closed,31,FALSE
TCKT0072,Prime Support,05-08-2026 06:00,07-08-2026 04:00,24,Closed,46,FALSE
TCKT0073,Prime Support,07-08-2026 22:00,08-08-2026 15:00,48,Closed,17,TRUE
TCKT0074,Technical Support,03-08-2026 17:00,06-08-2026 13:00,24,Closed,68,FALSE
TCKT0075,Billing,07-08-2026 03:00,09-08-2026 07:00,24,Closed,52,FALSE
TCKT0076,Prime Support,02-08-2026 18:00,03-08-2026 14:00,48,Closed,20,TRUE
TCKT0077,Billing,05-08-2026 03:00,08-08-2026 03:00,24,Closed,72,FALSE
TCKT0078,Prime Support,08-08-2026 07:00,10-08-2026 14:00,24,Closed,55,FALSE
TCKT0079,Technical Support,09-08-2026 08:00,09-08-2026 15:00,48,Closed,7,TRUE
TCKT0080,Billing,04-08-2026 22:00,07-08-2026 01:00,48,Closed,51,FALSE
TCKT0081,Billing,09-08-2026 15:00,12-08-2026 13:00,48,Closed,70,FALSE
TCKT0082,Billing,08-08-2026 06:00,10-08-2026 06:00,24,Closed,48,FALSE
TCKT0083,Technical Support,01-08-2026 08:00,02-08-2026 15:00,24,Closed,31,FALSE
TCKT0084,Returns,03-08-2026 23:00,04-08-2026 02:00,48,Closed,3,TRUE
TCKT0085,Prime Support,07-08-2026 22:00,08-08-2026 21:00,24,Closed,23,TRUE
TCKT0086,Returns,07-08-2026 11:00,10-08-2026 02:00,24,Closed,63,FALSE
TCKT0087,Returns,03-08-2026 07:00,04-08-2026 02:00,48,Closed,19,TRUE
TCKT0088,Technical Support,03-08-2026 12:00,04-08-2026 03:00,48,Closed,15,TRUE
TCKT0089,Technical Support,02-08-2026 13:00,05-08-2026 04:00,24,Closed,63,FALSE
TCKT0090,Technical Support,01-08-2026 19:00,02-08-2026 07:00,48,Closed,12,TRUE
TCKT0091,Returns,10-08-2026 07:00,12-08-2026 15:00,48,Closed,56,FALSE
TCKT0092,Returns,02-08-2026 12:00,04-08-2026 10:00,48,Closed,46,TRUE
TCKT0093,Technical Support,08-08-2026 16:00,09-08-2026 14:00,24,Closed,22,TRUE
TCKT0094,Technical Support,06-08-2026 00:00,06-08-2026 12:00,24,Closed,12,TRUE
TCKT0095,Returns,07-08-2026 21:00,09-08-2026 17:00,24,Closed,44,FALSE
TCKT0096,Technical Support,04-08-2026 09:00,05-08-2026 12:00,24,Closed,27,FALSE
TCKT0097,Billing,11-08-2026 04:00,12-08-2026 17:00,48,Closed,37,TRUE
TCKT0098,Prime Support,08-08-2026 01:00,10-08-2026 09:00,48,Closed,56,FALSE
TCKT0099,Prime Support,05-08-2026 17:00,08-08-2026 12:00,24,Closed,67,FALSE
TCKT0100,Returns,11-08-2026 00:00,13-08-2026 09:00,48,Closed,57,FALSE
TCKT0101,Billing,03-08-2026 13:00,04-08-2026 06:00,24,Closed,17,TRUE
TCKT0102,Technical Support,06-08-2026 19:00,09-08-2026 19:00,24,Closed,72,FALSE
TCKT0103,Technical Support,01-08-2026 17:00,02-08-2026 20:00,48,Closed,27,TRUE
TCKT0104,Technical Support,02-08-2026 14:00,04-08-2026 01:00,48,Closed,35,TRUE
TCKT0105,Returns,10-08-2026 00:00,11-08-2026 17:00,48,Closed,41,TRUE
TCKT0106,Returns,03-08-2026 02:00,05-08-2026 01:00,24,Closed,47,FALSE
TCKT0107,Technical Support,07-08-2026 15:00,09-08-2026 06:00,48,Closed,39,TRUE
TCKT0108,Prime Support,06-08-2026 20:00,09-08-2026 18:00,48,Closed,70,FALSE
TCKT0109,Returns,08-08-2026 01:00,09-08-2026 18:00,24,Closed,41,FALSE
TCKT0110,Returns,07-08-2026 23:00,09-08-2026 18:00,24,Closed,43,FALSE
TCKT0111,Returns,04-08-2026 23:00,07-08-2026 20:00,24,Closed,69,FALSE
TCKT0112,Returns,09-08-2026 19:00,12-08-2026 14:00,48,Closed,67,FALSE
TCKT0113,Billing,04-08-2026 13:00,07-08-2026 01:00,48,Closed,60,FALSE
TCKT0114,Billing,01-08-2026 10:00,02-08-2026 01:00,24,Closed,15,TRUE
TCKT0115,Billing,09-08-2026 18:00,10-08-2026 17:00,24,Closed,23,TRUE
TCKT0116,Prime Support,10-08-2026 11:00,12-08-2026 18:00,24,Closed,55,FALSE
TCKT0117,Technical Support,02-08-2026 20:00,03-08-2026 08:00,24,Closed,12,TRUE
TCKT0118,Returns,10-08-2026 08:00,12-08-2026 15:00,48,Closed,55,FALSE
TCKT0119,Prime Support,08-08-2026 19:00,11-08-2026 10:00,24,Closed,63,FALSE
TCKT0120,Billing,04-08-2026 06:00,05-08-2026 06:00,48,Closed,24,TRUE
TCKT0121,Returns,10-08-2026 19:00,12-08-2026 03:00,24,Closed,32,FALSE
TCKT0122,Billing,07-08-2026 07:00,08-08-2026 13:00,24,Closed,30,FALSE
TCKT0123,Returns,10-08-2026 22:00,11-08-2026 08:00,48,Closed,10,TRUE
TCKT0124,Technical Support,03-08-2026 21:00,05-08-2026 20:00,24,Closed,47,FALSE
TCKT0125,Returns,02-08-2026 22:00,04-08-2026 20:00,48,Closed,46,TRUE
TCKT0126,Technical Support,07-08-2026 08:00,09-08-2026 19:00,24,Closed,59,FALSE
TCKT0127,Prime Support,07-08-2026 19:00,10-08-2026 10:00,48,Closed,63,FALSE
TCKT0128,Returns,11-08-2026 04:00,13-08-2026 08:00,24,Closed,52,FALSE
TCKT0129,Technical Support,09-08-2026 01:00,09-08-2026 12:00,24,Closed,11,TRUE
TCKT0130,Billing,05-08-2026 11:00,07-08-2026 11:00,48,Closed,48,TRUE
TCKT0131,Prime Support,04-08-2026 23:00,07-08-2026 20:00,48,Closed,69,FALSE
TCKT0132,Prime Support,02-08-2026 10:00,05-08-2026 01:00,48,Closed,63,FALSE
TCKT0133,Prime Support,03-08-2026 17:00,05-08-2026 07:00,48,Closed,38,TRUE
TCKT0134,Prime Support,05-08-2026 04:00,05-08-2026 14:00,24,Closed,10,TRUE
TCKT0135,Prime Support,08-08-2026 21:00,11-08-2026 03:00,48,Closed,54,FALSE
TCKT0136,Returns,10-08-2026 01:00,11-08-2026 16:00,48,Closed,39,TRUE
TCKT0137,Technical Support,09-08-2026 02:00,09-08-2026 22:00,48,Closed,20,TRUE
TCKT0138,Technical Support,06-08-2026 03:00,07-08-2026 05:00,24,Closed,26,FALSE
TCKT0139,Billing,06-08-2026 03:00,08-08-2026 17:00,48,Closed,62,FALSE
TCKT0140,Technical Support,09-08-2026 05:00,10-08-2026 15:00,24,Closed,34,FALSE
TCKT0141,Billing,02-08-2026 10:00,04-08-2026 14:00,24,Closed,52,FALSE
TCKT0142,Returns,02-08-2026 20:00,03-08-2026 08:00,24,Closed,12,TRUE
TCKT0143,Prime Support,10-08-2026 06:00,11-08-2026 00:00,24,Closed,18,TRUE
TCKT0144,Technical Support,09-08-2026 05:00,10-08-2026 19:00,48,Closed,38,TRUE
TCKT0145,Returns,03-08-2026 18:00,05-08-2026 14:00,24,Closed,44,FALSE
TCKT0146,Billing,01-08-2026 13:00,02-08-2026 20:00,24,Closed,31,FALSE
TCKT0147,Technical Support,02-08-2026 07:00,04-08-2026 21:00,24,Closed,62,FALSE
TCKT0148,Technical Support,03-08-2026 16:00,04-08-2026 02:00,48,Closed,10,TRUE
TCKT0149,Returns,11-08-2026 04:00,11-08-2026 13:00,24,Closed,9,TRUE
TCKT0150,Prime Support,07-08-2026 05:00,08-08-2026 15:00,24,Closed,34,FALSE
TCKT0151,Billing,04-08-2026 02:00,04-08-2026 18:00,24,Closed,16,TRUE
TCKT0152,Prime Support,06-08-2026 13:00,07-08-2026 11:00,24,Closed,22,TRUE
TCKT0153,Returns,10-08-2026 13:00,10-08-2026 16:00,24,Closed,3,TRUE
TCKT0154,Technical Support,10-08-2026 16:00,11-08-2026 22:00,48,Closed,30,TRUE
TCKT0155,Billing,02-08-2026 17:00,04-08-2026 08:00,48,Closed,39,TRUE
TCKT0156,Prime Support,10-08-2026 08:00,13-08-2026 03:00,48,Closed,67,FALSE
TCKT0157,Billing,07-08-2026 08:00,08-08-2026 21:00,24,Closed,37,FALSE
TCKT0158,Prime Support,03-08-2026 13:00,04-08-2026 19:00,24,Closed,30,FALSE
TCKT0159,Returns,07-08-2026 02:00,07-08-2026 13:00,48,Closed,11,TRUE
TCKT0160,Prime Support,03-08-2026 13:00,05-08-2026 08:00,24,Closed,43,FALSE
TCKT0161,Technical Support,07-08-2026 06:00,09-08-2026 19:00,24,Closed,61,FALSE
TCKT0162,Returns,05-08-2026 15:00,07-08-2026 14:00,24,Closed,47,FALSE
TCKT0163,Prime Support,05-08-2026 19:00,05-08-2026 22:00,48,Closed,3,TRUE
TCKT0164,Technical Support,09-08-2026 13:00,09-08-2026 14:00,48,Closed,1,TRUE
TCKT0165,Billing,01-08-2026 08:00,02-08-2026 22:00,48,Closed,38,TRUE
TCKT0166,Prime Support,09-08-2026 14:00,11-08-2026 16:00,48,Closed,50,FALSE
TCKT0167,Prime Support,03-08-2026 17:00,05-08-2026 20:00,48,Closed,51,FALSE
TCKT0168,Prime Support,04-08-2026 00:00,06-08-2026 05:00,48,Closed,53,FALSE
TCKT0169,Technical Support,04-08-2026 00:00,05-08-2026 04:00,48,Closed,28,TRUE
TCKT0170,Prime Support,09-08-2026 09:00,10-08-2026 10:00,48,Closed,25,TRUE
TCKT0171,Returns,04-08-2026 13:00,06-08-2026 09:00,48,Closed,44,TRUE
TCKT0172,Technical Support,02-08-2026 18:00,04-08-2026 15:00,24,Closed,45,FALSE
TCKT0173,Technical Support,03-08-2026 02:00,04-08-2026 13:00,48,Closed,35,TRUE
TCKT0174,Prime Support,01-08-2026 21:00,04-08-2026 14:00,24,Closed,65,FALSE
TCKT0175,Technical Support,07-08-2026 23:00,08-08-2026 14:00,24,Closed,15,TRUE
TCKT0176,Technical Support,02-08-2026 19:00,05-08-2026 04:00,48,Closed,57,FALSE
TCKT0177,Technical Support,09-08-2026 15:00,12-08-2026 09:00,24,Closed,66,FALSE
TCKT0178,Technical Support,03-08-2026 04:00,04-08-2026 15:00,48,Closed,35,TRUE
TCKT0179,Technical Support,02-08-2026 08:00,03-08-2026 13:00,24,Closed,29,FALSE
TCKT0180,Billing,10-08-2026 15:00,11-08-2026 23:00,48,Closed,32,TRUE
TCKT0181,Billing,06-08-2026 08:00,08-08-2026 05:00,24,Closed,45,FALSE
TCKT0182,Returns,02-08-2026 20:00,03-08-2026 13:00,48,Closed,17,TRUE
TCKT0183,Billing,02-08-2026 08:00,04-08-2026 11:00,24,Closed,51,FALSE
TCKT0184,Technical Support,02-08-2026 06:00,05-08-2026 04:00,24,Closed,70,FALSE
TCKT0185,Prime Support,05-08-2026 10:00,06-08-2026 14:00,24,Closed,28,FALSE
TCKT0186,Prime Support,04-08-2026 12:00,04-08-2026 15:00,24,Closed,3,TRUE
TCKT0187,Technical Support,02-08-2026 02:00,04-08-2026 22:00,48,Closed,68,FALSE
TCKT0188,Technical Support,10-08-2026 19:00,13-08-2026 03:00,24,Closed,56,FALSE
TCKT0189,Prime Support,10-08-2026 18:00,11-08-2026 16:00,24,Closed,22,TRUE
TCKT0190,Billing,07-08-2026 07:00,09-08-2026 16:00,24,Closed,57,FALSE
TCKT0191,Returns,05-08-2026 09:00,06-08-2026 02:00,48,Closed,17,TRUE
TCKT0192,Returns,10-08-2026 08:00,11-08-2026 06:00,48,Closed,22,TRUE
TCKT0193,Prime Support,03-08-2026 11:00,04-08-2026 07:00,24,Closed,20,TRUE
TCKT0194,Prime Support,04-08-2026 00:00,06-08-2026 14:00,48,Closed,62,FALSE
TCKT0195,Billing,06-08-2026 09:00,09-08-2026 04:00,24,Closed,67,FALSE
TCKT0196,Technical Support,03-08-2026 11:00,05-08-2026 12:00,48,Closed,49,FALSE
TCKT0197,Returns,11-08-2026 06:00,13-08-2026 14:00,48,Closed,56,FALSE
TCKT0198,Prime Support,09-08-2026 11:00,12-08-2026 07:00,48,Closed,68,FALSE
TCKT0199,Technical Support,03-08-2026 15:00,05-08-2026 14:00,48,Closed,47,TRUE
TCKT0200,Technical Support,10-08-2026 03:00,10-08-2026 20:00,24,Closed,17,TRUE
TCKT0201,Prime Support,06-08-2026 05:00,07-08-2026 15:00,24,Closed,34,FALSE
TCKT0202,Returns,04-08-2026 19:00,05-08-2026 06:00,24,Closed,11,TRUE
TCKT0203,Prime Support,04-08-2026 01:00,06-08-2026 13:00,24,Closed,60,FALSE
TCKT0204,Billing,04-08-2026 16:00,07-08-2026 10:00,24,Closed,66,FALSE
TCKT0205,Billing,04-08-2026 22:00,05-08-2026 04:00,48,Closed,6,TRUE
TCKT0206,Returns,01-08-2026 16:00,03-08-2026 05:00,24,Closed,37,FALSE
TCKT0207,Returns,07-08-2026 06:00,07-08-2026 13:00,48,Closed,7,TRUE
TCKT0208,Technical Support,09-08-2026 09:00,09-08-2026 17:00,24,Closed,8,TRUE
TCKT0209,Prime Support,10-08-2026 00:00,12-08-2026 01:00,48,Closed,49,FALSE
TCKT0210,Billing,02-08-2026 11:00,05-08-2026 02:00,24,Closed,63,FALSE
TCKT0211,Technical Support,02-08-2026 14:00,04-08-2026 21:00,48,Closed,55,FALSE
TCKT0212,Billing,11-08-2026 03:00,11-08-2026 11:00,48,Closed,8,TRUE
TCKT0213,Billing,11-08-2026 01:00,12-08-2026 15:00,24,Closed,38,FALSE
TCKT0214,Prime Support,07-08-2026 18:00,10-08-2026 06:00,24,Closed,60,FALSE
TCKT0215,Prime Support,11-08-2026 02:00,12-08-2026 07:00,24,Closed,29,FALSE
TCKT0216,Technical Support,06-08-2026 10:00,08-08-2026 04:00,24,Closed,42,FALSE
TCKT0217,Technical Support,07-08-2026 00:00,07-08-2026 11:00,48,Closed,11,TRUE
TCKT0218,Returns,02-08-2026 21:00,04-08-2026 06:00,24,Closed,33,FALSE
TCKT0219,Prime Support,11-08-2026 03:00,13-08-2026 05:00,48,Closed,50,FALSE
TCKT0220,Prime Support,03-08-2026 03:00,03-08-2026 08:00,48,Closed,5,TRUE
TCKT0221,Returns,05-08-2026 10:00,06-08-2026 18:00,48,Closed,32,TRUE
TCKT0222,Billing,02-08-2026 05:00,03-08-2026 00:00,48,Closed,19,TRUE
TCKT0223,Technical Support,02-08-2026 06:00,04-08-2026 05:00,24,Closed,47,FALSE
TCKT0224,Billing,02-08-2026 20:00,04-08-2026 12:00,48,Closed,40,TRUE
TCKT0225,Billing,05-08-2026 23:00,07-08-2026 14:00,24,Closed,39,FALSE
TCKT0226,Billing,01-08-2026 08:00,01-08-2026 18:00,24,Closed,10,TRUE
TCKT0227,Returns,07-08-2026 06:00,09-08-2026 04:00,48,Closed,46,TRUE
TCKT0228,Returns,07-08-2026 08:00,09-08-2026 18:00,24,Closed,58,FALSE
TCKT0229,Technical Support,02-08-2026 21:00,04-08-2026 04:00,48,Closed,31,TRUE
TCKT0230,Prime Support,07-08-2026 18:00,10-08-2026 03:00,24,Closed,57,FALSE
TCKT0231,Billing,05-08-2026 22:00,08-08-2026 12:00,48,Closed,62,FALSE
TCKT0232,Prime Support,10-08-2026 13:00,11-08-2026 09:00,24,Closed,20,TRUE
TCKT0233,Technical Support,07-08-2026 11:00,09-08-2026 03:00,24,Closed,40,FALSE
TCKT0234,Prime Support,01-08-2026 16:00,03-08-2026 06:00,24,Closed,38,FALSE
TCKT0235,Returns,07-08-2026 17:00,08-08-2026 18:00,48,Closed,25,TRUE
TCKT0236,Billing,10-08-2026 01:00,10-08-2026 09:00,24,Closed,8,TRUE
TCKT0237,Technical Support,03-08-2026 20:00,05-08-2026 18:00,24,Closed,46,FALSE
TCKT0238,Returns,02-08-2026 12:00,02-08-2026 15:00,48,Closed,3,TRUE
TCKT0239,Prime Support,10-08-2026 04:00,11-08-2026 15:00,24,Closed,35,FALSE
TCKT0240,Technical Support,10-08-2026 09:00,10-08-2026 14:00,48,Closed,5,TRUE
TCKT0241,Billing,05-08-2026 07:00,08-08-2026 02:00,48,Closed,67,FALSE
TCKT0242,Technical Support,01-08-2026 13:00,03-08-2026 17:00,48,Closed,52,FALSE
TCKT0243,Technical Support,08-08-2026 03:00,10-08-2026 19:00,24,Closed,64,FALSE
TCKT0244,Billing,03-08-2026 23:00,05-08-2026 12:00,24,Closed,37,FALSE
TCKT0245,Billing,03-08-2026 03:00,05-08-2026 05:00,48,Closed,50,FALSE
TCKT0246,Prime Support,04-08-2026 16:00,06-08-2026 12:00,24,Closed,44,FALSE
TCKT0247,Billing,01-08-2026 23:00,04-08-2026 16:00,48,Closed,65,FALSE
TCKT0248,Prime Support,09-08-2026 14:00,09-08-2026 16:00,48,Closed,2,TRUE
TCKT0249,Prime Support,02-08-2026 12:00,04-08-2026 01:00,24,Closed,37,FALSE
TCKT0250,Billing,10-08-2026 05:00,12-08-2026 05:00,48,Closed,48,TRUE
TCKT0251,Technical Support,08-08-2026 23:00,10-08-2026 08:00,24,Closed,33,FALSE
TCKT0252,Returns,07-08-2026 01:00,08-08-2026 04:00,24,Closed,27,FALSE
TCKT0253,Billing,05-08-2026 12:00,06-08-2026 19:00,48,Closed,31,TRUE
TCKT0254,Returns,03-08-2026 04:00,05-08-2026 16:00,48,Closed,60,FALSE
TCKT0255,Returns,05-08-2026 17:00,06-08-2026 20:00,24,Closed,27,FALSE
TCKT0256,Prime Support,08-08-2026 11:00,09-08-2026 20:00,48,Closed,33,TRUE
TCKT0257,Technical Support,04-08-2026 18:00,05-08-2026 13:00,24,Closed,19,TRUE
TCKT0258,Billing,07-08-2026 17:00,10-08-2026 04:00,48,Closed,59,FALSE
TCKT0259,Returns,04-08-2026 00:00,06-08-2026 11:00,48,Closed,59,FALSE
TCKT0260,Technical Support,02-08-2026 10:00,04-08-2026 07:00,48,Closed,45,TRUE
TCKT0261,Prime Support,05-08-2026 03:00,05-08-2026 12:00,24,Closed,9,TRUE
TCKT0262,Billing,08-08-2026 10:00,10-08-2026 13:00,24,Closed,51,FALSE
TCKT0263,Billing,06-08-2026 00:00,07-08-2026 08:00,24,Closed,32,FALSE
TCKT0264,Prime Support,06-08-2026 15:00,08-08-2026 13:00,24,Closed,46,FALSE
TCKT0265,Technical Support,03-08-2026 19:00,04-08-2026 04:00,48,Closed,9,TRUE
TCKT0266,Technical Support,07-08-2026 23:00,09-08-2026 05:00,48,Closed,30,TRUE
TCKT0267,Returns,09-08-2026 16:00,11-08-2026 17:00,48,Closed,49,FALSE
TCKT0268,Returns,06-08-2026 22:00,09-08-2026 01:00,48,Closed,51,FALSE
TCKT0269,Technical Support,08-08-2026 00:00,08-08-2026 08:00,48,Closed,8,TRUE
TCKT0270,Technical Support,08-08-2026 16:00,11-08-2026 10:00,48,Closed,66,FALSE
TCKT0271,Returns,10-08-2026 02:00,11-08-2026 21:00,24,Closed,43,FALSE
TCKT0272,Returns,04-08-2026 14:00,06-08-2026 13:00,48,Closed,47,TRUE
TCKT0273,Returns,09-08-2026 20:00,11-08-2026 15:00,48,Closed,43,TRUE
TCKT0274,Prime Support,03-08-2026 17:00,05-08-2026 02:00,48,Closed,33,TRUE
TCKT0275,Returns,10-08-2026 12:00,12-08-2026 11:00,24,Closed,47,FALSE
TCKT0276,Returns,07-08-2026 06:00,09-08-2026 14:00,24,Closed,56,FALSE
TCKT0277,Technical Support,06-08-2026 21:00,08-08-2026 15:00,48,Closed,42,TRUE
TCKT0278,Technical Support,10-08-2026 14:00,12-08-2026 19:00,48,Closed,53,FALSE
TCKT0279,Billing,01-08-2026 14:00,04-08-2026 03:00,48,Closed,61,FALSE
TCKT0280,Technical Support,04-08-2026 04:00,04-08-2026 21:00,24,Closed,17,TRUE
TCKT0281,Returns,07-08-2026 15:00,07-08-2026 16:00,48,Closed,1,TRUE
TCKT0282,Returns,04-08-2026 04:00,06-08-2026 14:00,48,Closed,58,FALSE
TCKT0283,Billing,05-08-2026 19:00,06-08-2026 12:00,48,Closed,17,TRUE
TCKT0284,Prime Support,03-08-2026 19:00,05-08-2026 16:00,24,Closed,45,FALSE
TCKT0285,Prime Support,01-08-2026 18:00,02-08-2026 06:00,48,Closed,12,TRUE
TCKT0286,Billing,01-08-2026 15:00,02-08-2026 03:00,24,Closed,12,TRUE
TCKT0287,Returns,10-08-2026 01:00,11-08-2026 21:00,24,Closed,44,FALSE
TCKT0288,Billing,08-08-2026 23:00,10-08-2026 09:00,24,Closed,34,FALSE
TCKT0289,Technical Support,04-08-2026 19:00,06-08-2026 13:00,24,Closed,42,FALSE
TCKT0290,Returns,11-08-2026 05:00,11-08-2026 12:00,48,Closed,7,TRUE
TCKT0291,Prime Support,09-08-2026 04:00,11-08-2026 22:00,48,Closed,66,FALSE
TCKT0292,Billing,04-08-2026 13:00,05-08-2026 15:00,24,Closed,26,FALSE
TCKT0293,Technical Support,02-08-2026 22:00,04-08-2026 13:00,24,Closed,39,FALSE
TCKT0294,Returns,06-08-2026 06:00,06-08-2026 22:00,48,Closed,16,TRUE
TCKT0295,Returns,07-08-2026 23:00,09-08-2026 15:00,48,Closed,40,TRUE
TCKT0296,Prime Support,10-08-2026 04:00,12-08-2026 08:00,24,Closed,52,FALSE
TCKT0297,Prime Support,07-08-2026 21:00,08-08-2026 07:00,24,Closed,10,TRUE
TCKT0298,Billing,05-08-2026 18:00,06-08-2026 08:00,48,Closed,14,TRUE
TCKT0299,Returns,08-08-2026 13:00,09-08-2026 19:00,24,Closed,30,FALSE
TCKT0300,Billing,10-08-2026 23:00,11-08-2026 17:00,48,Closed,18,TRUE
TCKT0301,Prime Support,03-08-2026 17:00,05-08-2026 10:00,48,Closed,41,TRUE
TCKT0302,Technical Support,04-08-2026 10:00,06-08-2026 11:00,48,Closed,49,FALSE
TCKT0303,Returns,04-08-2026 00:00,06-08-2026 23:00,24,Closed,71,FALSE
TCKT0304,Returns,01-08-2026 15:00,02-08-2026 10:00,48,Closed,19,TRUE
TCKT0305,Returns,02-08-2026 07:00,03-08-2026 03:00,48,Closed,20,TRUE
TCKT0306,Prime Support,07-08-2026 16:00,08-08-2026 21:00,48,Closed,29,TRUE
TCKT0307,Prime Support,06-08-2026 07:00,07-08-2026 07:00,24,Closed,24,TRUE
TCKT0308,Returns,06-08-2026 09:00,08-08-2026 00:00,48,Closed,39,TRUE
TCKT0309,Billing,09-08-2026 14:00,12-08-2026 04:00,48,Closed,62,FALSE
TCKT0310,Returns,08-08-2026 03:00,08-08-2026 07:00,48,Closed,4,TRUE
TCKT0311,Prime Support,04-08-2026 02:00,04-08-2026 06:00,24,Closed,4,TRUE
TCKT0312,Technical Support,09-08-2026 13:00,11-08-2026 09:00,24,Closed,44,FALSE
TCKT0313,Returns,11-08-2026 08:00,12-08-2026 10:00,24,Closed,26,FALSE
TCKT0314,Returns,08-08-2026 00:00,08-08-2026 14:00,48,Closed,14,TRUE
TCKT0315,Returns,09-08-2026 16:00,10-08-2026 21:00,48,Closed,29,TRUE
TCKT0316,Returns,05-08-2026 00:00,07-08-2026 10:00,24,Closed,58,FALSE
TCKT0317,Billing,02-08-2026 21:00,03-08-2026 20:00,48,Closed,23,TRUE
TCKT0318,Technical Support,07-08-2026 06:00,08-08-2026 19:00,24,Closed,37,FALSE
TCKT0319,Billing,09-08-2026 21:00,10-08-2026 22:00,24,Closed,25,FALSE
TCKT0320,Billing,04-08-2026 17:00,04-08-2026 19:00,48,Closed,2,TRUE
TCKT0321,Technical Support,06-08-2026 20:00,09-08-2026 07:00,24,Closed,59,FALSE
TCKT0322,Returns,05-08-2026 16:00,07-08-2026 11:00,48,Closed,43,TRUE
TCKT0323,Billing,04-08-2026 07:00,07-08-2026 01:00,24,Closed,66,FALSE
TCKT0324,Prime Support,09-08-2026 11:00,12-08-2026 09:00,24,Closed,70,FALSE
TCKT0325,Returns,05-08-2026 19:00,08-08-2026 04:00,48,Closed,57,FALSE
TCKT0326,Billing,07-08-2026 03:00,09-08-2026 08:00,48,Closed,53,FALSE
TCKT0327,Prime Support,01-08-2026 20:00,03-08-2026 14:00,24,Closed,42,FALSE
TCKT0328,Billing,01-08-2026 20:00,03-08-2026 02:00,48,Closed,30,TRUE
TCKT0329,Billing,10-08-2026 16:00,11-08-2026 04:00,48,Closed,12,TRUE
TCKT0330,Technical Support,10-08-2026 17:00,11-08-2026 23:00,24,Closed,30,FALSE
TCKT0331,Technical Support,05-08-2026 11:00,06-08-2026 14:00,24,Closed,27,FALSE
TCKT0332,Technical Support,03-08-2026 02:00,05-08-2026 16:00,48,Closed,62,FALSE
TCKT0333,Prime Support,03-08-2026 04:00,06-08-2026 04:00,24,Closed,72,FALSE
TCKT0334,Billing,10-08-2026 22:00,11-08-2026 23:00,24,Closed,25,FALSE
TCKT0335,Technical Support,04-08-2026 18:00,05-08-2026 07:00,48,Closed,13,TRUE
TCKT0336,Returns,09-08-2026 06:00,10-08-2026 15:00,48,Closed,33,TRUE
TCKT0337,Billing,10-08-2026 21:00,13-08-2026 17:00,24,Closed,68,FALSE
TCKT0338,Returns,04-08-2026 01:00,06-08-2026 00:00,48,Closed,47,TRUE
TCKT0339,Prime Support,09-08-2026 10:00,10-08-2026 18:00,48,Closed,32,TRUE
TCKT0340,Prime Support,04-08-2026 11:00,04-08-2026 14:00,24,Closed,3,TRUE
TCKT0341,Billing,04-08-2026 19:00,05-08-2026 15:00,24,Closed,20,TRUE
TCKT0342,Billing,07-08-2026 21:00,08-08-2026 07:00,48,Closed,10,TRUE
TCKT0343,Technical Support,01-08-2026 11:00,02-08-2026 01:00,48,Closed,14,TRUE
TCKT0344,Billing,04-08-2026 20:00,05-08-2026 00:00,24,Closed,4,TRUE
TCKT0345,Returns,09-08-2026 14:00,09-08-2026 20:00,48,Closed,6,TRUE
TCKT0346,Technical Support,03-08-2026 16:00,05-08-2026 10:00,48,Closed,42,TRUE
TCKT0347,Prime Support,04-08-2026 23:00,07-08-2026 01:00,24,Closed,50,FALSE
TCKT0348,Technical Support,04-08-2026 06:00,06-08-2026 00:00,24,Closed,42,FALSE
TCKT0349,Technical Support,09-08-2026 23:00,12-08-2026 06:00,24,Closed,55,FALSE
TCKT0350,Billing,11-08-2026 00:00,13-08-2026 03:00,24,Closed,51,FALSE
TCKT0351,Billing,06-08-2026 17:00,07-08-2026 19:00,48,Closed,26,TRUE
TCKT0352,Returns,02-08-2026 07:00,04-08-2026 14:00,24,Closed,55,FALSE
TCKT0353,Billing,03-08-2026 10:00,06-08-2026 09:00,24,Closed,71,FALSE
TCKT0354,Returns,02-08-2026 22:00,05-08-2026 07:00,24,Closed,57,FALSE
TCKT0355,Billing,06-08-2026 22:00,09-08-2026 18:00,24,Closed,68,FALSE
TCKT0356,Returns,03-08-2026 16:00,05-08-2026 17:00,24,Closed,49,FALSE
TCKT0357,Billing,02-08-2026 22:00,04-08-2026 08:00,24,Closed,34,FALSE
TCKT0358,Technical Support,04-08-2026 05:00,06-08-2026 12:00,24,Closed,55,FALSE
TCKT0359,Billing,07-08-2026 09:00,08-08-2026 18:00,24,Closed,33,FALSE
TCKT0360,Billing,08-08-2026 13:00,10-08-2026 14:00,24,Closed,49,FALSE
TCKT0361,Billing,02-08-2026 19:00,03-08-2026 16:00,24,Closed,21,TRUE
TCKT0362,Billing,08-08-2026 10:00,10-08-2026 00:00,24,Closed,38,FALSE
TCKT0363,Billing,08-08-2026 03:00,08-08-2026 09:00,24,Closed,6,TRUE
TCKT0364,Billing,08-08-2026 19:00,09-08-2026 10:00,48,Closed,15,TRUE
TCKT0365,Billing,02-08-2026 05:00,03-08-2026 13:00,24,Closed,32,FALSE
TCKT0366,Returns,04-08-2026 13:00,06-08-2026 00:00,24,Closed,35,FALSE
TCKT0367,Technical Support,06-08-2026 18:00,07-08-2026 13:00,48,Closed,19,TRUE
TCKT0368,Billing,03-08-2026 19:00,05-08-2026 17:00,24,Closed,46,FALSE
TCKT0369,Returns,09-08-2026 20:00,11-08-2026 08:00,24,Closed,36,FALSE
TCKT0370,Billing,05-08-2026 09:00,05-08-2026 11:00,24,Closed,2,TRUE
TCKT0371,Returns,09-08-2026 01:00,10-08-2026 23:00,48,Closed,46,TRUE
TCKT0372,Prime Support,04-08-2026 11:00,04-08-2026 23:00,48,Closed,12,TRUE
TCKT0373,Billing,11-08-2026 04:00,11-08-2026 19:00,24,Closed,15,TRUE
TCKT0374,Technical Support,07-08-2026 19:00,10-08-2026 05:00,24,Closed,58,FALSE
TCKT0375,Prime Support,04-08-2026 18:00,06-08-2026 23:00,48,Closed,53,FALSE
TCKT0376,Returns,07-08-2026 14:00,08-08-2026 12:00,48,Closed,22,TRUE
TCKT0377,Billing,10-08-2026 06:00,10-08-2026 11:00,48,Closed,5,TRUE
TCKT0378,Billing,07-08-2026 13:00,07-08-2026 15:00,24,Closed,2,TRUE
TCKT0379,Billing,05-08-2026 15:00,07-08-2026 18:00,24,Closed,51,FALSE
TCKT0380,Returns,08-08-2026 22:00,10-08-2026 11:00,24,Closed,37,FALSE
TCKT0381,Prime Support,01-08-2026 10:00,02-08-2026 19:00,48,Closed,33,TRUE
TCKT0382,Prime Support,07-08-2026 05:00,07-08-2026 20:00,24,Closed,15,TRUE
TCKT0383,Prime Support,01-08-2026 19:00,02-08-2026 19:00,48,Closed,24,TRUE
TCKT0384,Billing,02-08-2026 20:00,05-08-2026 02:00,24,Closed,54,FALSE
TCKT0385,Billing,05-08-2026 22:00,06-08-2026 12:00,48,Closed,14,TRUE
TCKT0386,Billing,04-08-2026 18:00,04-08-2026 22:00,24,Closed,4,TRUE
TCKT0387,Returns,08-08-2026 12:00,10-08-2026 11:00,24,Closed,47,FALSE
TCKT0388,Returns,02-08-2026 18:00,02-08-2026 22:00,48,Closed,4,TRUE
TCKT0389,Billing,10-08-2026 19:00,11-08-2026 07:00,48,Closed,12,TRUE
TCKT0390,Billing,04-08-2026 09:00,06-08-2026 20:00,24,Closed,59,FALSE
TCKT0391,Billing,03-08-2026 19:00,05-08-2026 04:00,48,Closed,33,TRUE
TCKT0392,Returns,07-08-2026 10:00,10-08-2026 01:00,24,Closed,63,FALSE
TCKT0393,Technical Support,06-08-2026 17:00,07-08-2026 07:00,48,Closed,14,TRUE
TCKT0394,Prime Support,06-08-2026 15:00,07-08-2026 22:00,24,Closed,31,FALSE
TCKT0395,Billing,10-08-2026 09:00,13-08-2026 07:00,48,Closed,70,FALSE
TCKT0396,Returns,05-08-2026 14:00,08-08-2026 13:00,24,Closed,71,FALSE
TCKT0397,Prime Support,03-08-2026 20:00,05-08-2026 09:00,24,Closed,37,FALSE
TCKT0398,Technical Support,05-08-2026 03:00,07-08-2026 07:00,24,Closed,52,FALSE
TCKT0399,Prime Support,03-08-2026 13:00,04-08-2026 02:00,24,Closed,13,TRUE
TCKT0400,Prime Support,09-08-2026 21:00,11-08-2026 03:00,48,Closed,30,TRUE
TCKT0401,Prime Support,04-08-2026 00:00,05-08-2026 12:00,48,Closed,36,TRUE
TCKT0402,Technical Support,01-08-2026 19:00,03-08-2026 04:00,48,Closed,33,TRUE
TCKT0403,Billing,01-08-2026 13:00,01-08-2026 19:00,48,Closed,6,TRUE
TCKT0404,Technical Support,06-08-2026 21:00,09-08-2026 20:00,24,Closed,71,FALSE
TCKT0405,Technical Support,06-08-2026 14:00,08-08-2026 14:00,48,Closed,48,TRUE
TCKT0406,Returns,07-08-2026 18:00,08-08-2026 15:00,24,Closed,21,TRUE
TCKT0407,Billing,02-08-2026 17:00,03-08-2026 08:00,48,Closed,15,TRUE
TCKT0408,Prime Support,05-08-2026 09:00,07-08-2026 10:00,48,Closed,49,FALSE
TCKT0409,Returns,02-08-2026 13:00,04-08-2026 15:00,48,Closed,50,FALSE
TCKT0410,Prime Support,01-08-2026 10:00,01-08-2026 13:00,24,Closed,3,TRUE
TCKT0411,Technical Support,04-08-2026 06:00,04-08-2026 13:00,24,Closed,7,TRUE
TCKT0412,Prime Support,05-08-2026 14:00,07-08-2026 08:00,48,Closed,42,TRUE
TCKT0413,Returns,09-08-2026 08:00,11-08-2026 05:00,24,Closed,45,FALSE
TCKT0414,Returns,07-08-2026 07:00,08-08-2026 03:00,48,Closed,20,TRUE
TCKT0415,Prime Support,03-08-2026 21:00,06-08-2026 07:00,24,Closed,58,FALSE
TCKT0416,Billing,05-08-2026 00:00,05-08-2026 04:00,24,Closed,4,TRUE
TCKT0417,Returns,11-08-2026 02:00,13-08-2026 14:00,24,Closed,60,FALSE
TCKT0418,Technical Support,07-08-2026 09:00,07-08-2026 13:00,24,Closed,4,TRUE
TCKT0419,Billing,02-08-2026 00:00,03-08-2026 19:00,24,Closed,43,FALSE
TCKT0420,Technical Support,02-08-2026 05:00,03-08-2026 07:00,24,Closed,26,FALSE
TCKT0421,Returns,02-08-2026 22:00,05-08-2026 01:00,48,Closed,51,FALSE
TCKT0422,Prime Support,06-08-2026 05:00,07-08-2026 03:00,48,Closed,22,TRUE
TCKT0423,Prime Support,10-08-2026 03:00,13-08-2026 03:00,48,Closed,72,FALSE
TCKT0424,Technical Support,06-08-2026 15:00,08-08-2026 02:00,24,Closed,35,FALSE
TCKT0425,Returns,04-08-2026 20:00,05-08-2026 14:00,48,Closed,18,TRUE
TCKT0426,Billing,10-08-2026 10:00,13-08-2026 06:00,24,Closed,68,FALSE
TCKT0427,Prime Support,08-08-2026 01:00,08-08-2026 08:00,48,Closed,7,TRUE
TCKT0428,Returns,07-08-2026 18:00,09-08-2026 06:00,24,Closed,36,FALSE
TCKT0429,Billing,11-08-2026 03:00,12-08-2026 18:00,24,Closed,39,FALSE
TCKT0430,Billing,10-08-2026 03:00,11-08-2026 18:00,48,Closed,39,TRUE
TCKT0431,Returns,09-08-2026 14:00,11-08-2026 07:00,24,Closed,41,FALSE
TCKT0432,Billing,04-08-2026 02:00,05-08-2026 10:00,24,Closed,32,FALSE
TCKT0433,Billing,11-08-2026 01:00,13-08-2026 12:00,48,Closed,59,FALSE
TCKT0434,Technical Support,02-08-2026 15:00,04-08-2026 05:00,48,Closed,38,TRUE
TCKT0435,Technical Support,05-08-2026 04:00,06-08-2026 14:00,24,Closed,34,FALSE
TCKT0436,Technical Support,03-08-2026 07:00,03-08-2026 10:00,24,Closed,3,TRUE
TCKT0437,Technical Support,05-08-2026 08:00,07-08-2026 11:00,24,Closed,51,FALSE
TCKT0438,Technical Support,11-08-2026 02:00,11-08-2026 08:00,24,Closed,6,TRUE
TCKT0439,Billing,04-08-2026 03:00,06-08-2026 18:00,24,Closed,63,FALSE
TCKT0440,Billing,07-08-2026 23:00,09-08-2026 04:00,24,Closed,29,FALSE
TCKT0441,Prime Support,10-08-2026 16:00,11-08-2026 17:00,48,Closed,25,TRUE
TCKT0442,Technical Support,07-08-2026 06:00,10-08-2026 00:00,48,Closed,66,FALSE
TCKT0443,Prime Support,09-08-2026 22:00,12-08-2026 14:00,24,Closed,64,FALSE
TCKT0444,Prime Support,06-08-2026 02:00,06-08-2026 21:00,48,Closed,19,TRUE
TCKT0445,Returns,05-08-2026 03:00,06-08-2026 11:00,24,Closed,32,FALSE
TCKT0446,Billing,08-08-2026 14:00,11-08-2026 11:00,48,Closed,69,FALSE
TCKT0447,Returns,09-08-2026 13:00,11-08-2026 21:00,48,Closed,56,FALSE
TCKT0448,Technical Support,03-08-2026 15:00,04-08-2026 15:00,24,Closed,24,TRUE
TCKT0449,Returns,08-08-2026 06:00,10-08-2026 23:00,48,Closed,65,FALSE
TCKT0450,Billing,08-08-2026 00:00,10-08-2026 05:00,24,Closed,53,FALSE
TCKT0451,Billing,03-08-2026 01:00,05-08-2026 01:00,24,Closed,48,FALSE
TCKT0452,Returns,04-08-2026 19:00,05-08-2026 21:00,48,Closed,26,TRUE
TCKT0453,Returns,07-08-2026 23:00,08-08-2026 22:00,24,Closed,23,TRUE
TCKT0454,Prime Support,03-08-2026 20:00,06-08-2026 02:00,24,Closed,54,FALSE
TCKT0455,Prime Support,04-08-2026 00:00,06-08-2026 08:00,24,Closed,56,FALSE
TCKT0456,Technical Support,07-08-2026 23:00,10-08-2026 02:00,48,Closed,51,FALSE
TCKT0457,Billing,09-08-2026 20:00,12-08-2026 06:00,48,Closed,58,FALSE
TCKT0458,Technical Support,03-08-2026 07:00,04-08-2026 16:00,24,Closed,33,FALSE
TCKT0459,Technical Support,05-08-2026 08:00,07-08-2026 19:00,48,Closed,59,FALSE
TCKT0460,Billing,04-08-2026 10:00,06-08-2026 05:00,24,Closed,43,FALSE
TCKT0461,Billing,05-08-2026 19:00,06-08-2026 23:00,24,Closed,28,FALSE
TCKT0462,Returns,01-08-2026 12:00,02-08-2026 23:00,24,Closed,35,FALSE
TCKT0463,Prime Support,08-08-2026 16:00,10-08-2026 03:00,48,Closed,35,TRUE
TCKT0464,Billing,06-08-2026 12:00,07-08-2026 09:00,24,Closed,21,TRUE
TCKT0465,Prime Support,02-08-2026 23:00,04-08-2026 08:00,24,Closed,33,FALSE
TCKT0466,Prime Support,03-08-2026 22:00,05-08-2026 14:00,48,Closed,40,TRUE
TCKT0467,Billing,02-08-2026 16:00,03-08-2026 17:00,24,Closed,25,FALSE
TCKT0468,Technical Support,06-08-2026 23:00,07-08-2026 01:00,24,Closed,2,TRUE
TCKT0469,Returns,07-08-2026 22:00,09-08-2026 01:00,24,Closed,27,FALSE
TCKT0470,Technical Support,09-08-2026 07:00,11-08-2026 07:00,48,Closed,48,TRUE
TCKT0471,Billing,03-08-2026 12:00,05-08-2026 07:00,24,Closed,43,FALSE
TCKT0472,Billing,03-08-2026 18:00,05-08-2026 02:00,48,Closed,32,TRUE
TCKT0473,Technical Support,08-08-2026 01:00,10-08-2026 02:00,48,Closed,49,FALSE
TCKT0474,Billing,03-08-2026 12:00,04-08-2026 20:00,48,Closed,32,TRUE
TCKT0475,Prime Support,09-08-2026 04:00,10-08-2026 15:00,48,Closed,35,TRUE
TCKT0476,Prime Support,07-08-2026 18:00,10-08-2026 06:00,48,Closed,60,FALSE
TCKT0477,Prime Support,07-08-2026 05:00,08-08-2026 01:00,48,Closed,20,TRUE
TCKT0478,Prime Support,06-08-2026 17:00,08-08-2026 00:00,48,Closed,31,TRUE
TCKT0479,Returns,06-08-2026 05:00,06-08-2026 12:00,48,Closed,7,TRUE
TCKT0480,Prime Support,07-08-2026 12:00,10-08-2026 09:00,48,Closed,69,FALSE
TCKT0481,Billing,05-08-2026 06:00,05-08-2026 10:00,48,Closed,4,TRUE
TCKT0482,Returns,10-08-2026 15:00,10-08-2026 20:00,24,Closed,5,TRUE
TCKT0483,Returns,02-08-2026 14:00,04-08-2026 03:00,24,Closed,37,FALSE
TCKT0484,Prime Support,04-08-2026 08:00,05-08-2026 11:00,48,Closed,27,TRUE
TCKT0485,Returns,02-08-2026 13:00,02-08-2026 20:00,48,Closed,7,TRUE
TCKT0486,Prime Support,01-08-2026 16:00,02-08-2026 01:00,24,Closed,9,TRUE
TCKT0487,Returns,06-08-2026 18:00,08-08-2026 16:00,48,Closed,46,TRUE
TCKT0488,Prime Support,03-08-2026 02:00,05-08-2026 18:00,24,Closed,64,FALSE
TCKT0489,Technical Support,01-08-2026 08:00,01-08-2026 17:00,48,Closed,9,TRUE
TCKT0490,Prime Support,05-08-2026 21:00,07-08-2026 17:00,24,Closed,44,FALSE
TCKT0491,Billing,03-08-2026 13:00,05-08-2026 01:00,24,Closed,36,FALSE
TCKT0492,Prime Support,09-08-2026 01:00,10-08-2026 19:00,48,Closed,42,TRUE
TCKT0493,Billing,02-08-2026 04:00,02-08-2026 19:00,48,Closed,15,TRUE
TCKT0494,Billing,06-08-2026 21:00,08-08-2026 23:00,24,Closed,50,FALSE
TCKT0495,Billing,06-08-2026 13:00,09-08-2026 00:00,48,Closed,59,FALSE
TCKT0496,Technical Support,01-08-2026 18:00,03-08-2026 07:00,48,Closed,37,TRUE
TCKT0497,Prime Support,02-08-2026 21:00,05-08-2026 13:00,24,Closed,64,FALSE
TCKT0498,Returns,11-08-2026 02:00,12-08-2026 05:00,48,Closed,27,TRUE
TCKT0499,Returns,06-08-2026 12:00,07-08-2026 05:00,24,Closed,17,TRUE
TCKT0500,Technical Support,09-08-2026 00:00,12-08-2026 00:00,48,Closed,72,FALSE
